id,addedDate,name,author,difficulty,length,shortDescription,longDescription,imageURL,minecraftVersion,downloadCount,series,objectives,bonusObjectives,mapType,downloadLink,published,hasDownload,shortDesc_clean,shortDesc_clean_noStop,longDesc_clean,longDesc_clean_noStop
2,20190117,Totality,Cold Fusion,Easy,Short,New to CTMs? Start here! Explore a futuristic city that has been cast into an eternal eclipse.,"Crash-landed in an ancient city inhabited by very talkative robots, your only hope of escape is to locate four ancient batteries known as sources. Build your way to victory with an infinite supply of holoblocks as you explore Sol Corp City and unravel its dark and mysterious past...
<br><br>
Totality is a scifi adventure map from the creator of Gloria, Monstrosity, and the adventure branch of Diversity 2. While the map is played in adventure mode, its gameplay takes inspiration from the CTM (""Complete the Monument"") genre of maps. Dungeons are carefully designed to not only test your combat skills, but also your ability to build tactically. Shape your environment to your advantage to overcome the map's many challenges.",/map_img/1.png,1.17,9356,,4,0,Adventure,https://www.curseforge.com/minecraft/worlds/totality,1,0,new to ctms start here explore a futuristic city that has been cast into an eternal eclipse,start futuristic city cast eternal eclipse,crashlanded in an ancient city inhabited by very talkative robots your only hope of escape is to locate four ancient batteries known as sources build your way to victory with an infinite supply of holoblocks as you explore sol corp city and unravel its dark and mysterious past brbr totality is a scifi adventure map from the creator of gloria monstrosity and the adventure branch of diversity two while the map is played in adventure mode its gameplay takes inspiration from the ctm complete the monument genre of maps dungeons are carefully designed to not only test your combat skills but also your ability to build tactically shape your environment to your advantage to overcome the maps many challenges,crashlanded ancient city inhabited talkative robots hope escape locate four ancient batteries known sources build way victory infinite supply holoblocks sol corp city unravel dark mysterious past brbr totality scifi adventure creator gloria monstrosity adventure branch diversity two played adventure mode gameplay takes inspiration ctm complete monument genre dungeons carefully designed test combat skills also ability build tactically shape environment advantage overcome many challenges
3,20190118,Titan's Revolt,ProjectCTM,Hard,Long,"Created by over 20 talented map makers and nearly 5 years in the making, the sequel to the acclaimed Pantheon finally arrives: TITAN'S REVOLT.","Created by over 20 talented map makers and nearly 5 years in the making, the sequel to the acclaimed Pantheon finally arrives: TITAN'S REVOLT.<br><br>

Featuring some of the most challenging gameplay, unique mechanics, and beautiful areas seen in a CTM, be prepared for a real challenge as you lead the fight against the Titans and complete the monument.<br><br>

Managed over the years by Fangride, Csillagvihar, Hybran, Taschneide, and Rockenroll4life, we are proud to finally present this absolutely massive map! <br><br>

With 16 wool to collect, in the classic 1.8.9 style, featuring work from mapmakers like Fangride, ElRichMC & KillerCreeper55, WallcraftMC, Csillagvihar, Kaladun, TikaroHD, Krose, The_Sketch, Blade933, Ragirk, Drago, Draco_Rogue, Xethyros, and many more, with countless amazing CTM maps under their belts, this map may well be the greatest CTM challenge you will ever play.<br><br>

We wish you luck. You'll need it. The Titans are waiting for you.<br><br>

Complete List of Mapmakers in ProjectCTM: Fangride, Taschneide, Hybran, Rockenroll4life, Csillagvihar, LULZ180, Kaladun, MistaGrinch, McWeaksauce, TikaroHD, TheXhen, Krose, ElrichMC, KillerCreeper55, The_Sketch, Browneye414, Drago, Draco_Rogue, bRanN, Xethyros, Bioshockfan90, WittyWhiscash, TyPlaysGames, coolfool88, Blade933, Stickers1342, Catproductions, Fornan2, Wallcraft99, Teewie",/map_img/2.png,1.8.9,8227,The Pantheon Series,16,12,Branching,https://maps.ctmrepository.com/file/CTMMaps/Maps/Titans%20Revolt%20v1.zip,1,0,created by over twenty talented map makers and nearly five years in the making the sequel to the acclaimed pantheon finally arrives titans revolt,created twenty talented makers nearly five years making sequel acclaimed pantheon finally arrives titans revolt,created by over twenty talented map makers and nearly five years in the making the sequel to the acclaimed pantheon finally arrives titans revoltbrbr featuring some of the most challenging gameplay unique mechanics and beautiful areas seen in a ctm be prepared for a real challenge as you lead the fight against the titans and complete the monumentbrbr managed over the years by fangride csillagvihar hybran taschneide and rockenroll4life we are proud to finally present this absolutely massive map brbr with sixteen wool to collect in the classic one hundred and eighty-nine style featuring work from mapmakers like fangride elrichmc killercreeper55 wallcraftmc csillagvihar kaladun tikarohd krose thesketch blade933 ragirk drago dracorogue xethyros and many more with countless amazing ctm maps under their belts this map may well be the greatest ctm challenge you will ever playbrbr we wish you luck youll need it the titans are waiting for youbrbr complete list of mapmakers in projectctm fangride taschneide hybran rockenroll4life csillagvihar lulz180 kaladun mistagrinch mcweaksauce tikarohd thexhen krose elrichmc killercreeper55 thesketch browneye414 drago dracorogue brann xethyros bioshockfan90 wittywhiscash typlaysgames coolfool88 blade933 stickers1342 catproductions fornan2 wallcraft99 teewie,created twenty talented makers nearly five years making sequel acclaimed pantheon finally arrives titans revoltbrbr featuring challenging gameplay unique mechanics beautiful areas seen ctm prepared real challenge lead fight titans complete monumentbrbr managed years fangride csillagvihar hybran taschneide rockenroll4life proud finally present absolutely massive brbr sixteen wool collect classic one hundred eighty-nine style featuring work mapmakers like fangride elrichmc killercreeper55 wallcraftmc csillagvihar kaladun tikarohd krose thesketch blade933 ragirk drago dracorogue xethyros many countless amazing ctm belts may well greatest ctm challenge ever playbrbr wish luck youll need titans waiting youbrbr complete list mapmakers projectctm fangride taschneide hybran rockenroll4life csillagvihar lulz180 kaladun mistagrinch mcweaksauce tikarohd thexhen krose elrichmc killercreeper55 thesketch browneye414 drago dracorogue brann xethyros bioshockfan90 wittywhiscash typlaysgames coolfool88 blade933 stickers1342 catproductions fornan2 wallcraft99 teewie
4,20190118,Monstrosity,Cold Fusion,Medium,Medium,"A great map for newcomers to the CTM genre. Explore a massive network of caves mysteriously abandoned by the once great ARCANE Company. Delve deep enough, and you might just find out why they fled.","Monstrosity is a classic-style CTM filled with devious traps, epic loot, and 12 unique areas to conquer. It is a difficult map but equipment is plentiful, making it a great entry point into the CTM genre.
<br><br>
<b><a href=""https://ctmrepository.com/index.php?action=viewMap&id=316"">Please check out the remastered version here</a></b>
<br><br>
<a href=""https://ctmrepository.com/map_dl/=Monstrosity=+by+ColdFusionGaming.zip"">Download This (OLD) Version</a>
<br><br>
<b><a href=""https://ctmrepository.com/index.php?action=viewMap&id=316"">Please check out the remastered version here</a></b>",/map_img/3.jpg,1.8.8,7247,,12,0,Branching,https://ctmrepository.com/index.php?action=viewMap&id=316,1,0,a great map for newcomers to the ctm genre explore a massive network of caves mysteriously abandoned by the once great arcane company delve deep enough and you might just find out why they fled,great newcomers ctm genre massive network caves mysteriously abandoned great arcane company delve deep enough might find fled,monstrosity is a classicstyle ctm filled with devious traps epic loot and twelve unique areas to conquer it is a difficult map but equipment is plentiful making it a great entry point into the ctm genre brbr ba hrefhttpsctmrepositorycomindexphpactionviewmapid316please check out the remastered version hereab brbr a hrefhttpsctmrepositorycommapdlmonstrositybycoldfusiongamingzipdownload this old versiona brbr ba hrefhttpsctmrepositorycomindexphpactionviewmapid316please check out the remastered version hereab,monstrosity classicstyle ctm filled devious traps epic loot twelve unique areas conquer difficult equipment plentiful making great entry point ctm genre brbr ba hrefhttpsctmrepositorycomindexphpactionviewmapid316please check remastered version hereab brbr hrefhttpsctmrepositorycommapdlmonstrositybycoldfusiongamingzipdownload old versiona brbr ba hrefhttpsctmrepositorycomindexphpactionviewmapid316please check remastered version hereab
5,20190118,Unassuming,Tala,Easy,Short,"A simple, straightforward map that is exactly what it looks like on the surface! No tricks, no twists, just pure fun! 
Remember to use your noggin, and have fun!","A simple, straightforward map that is exactly what it looks like on the surface! No tricks, no twists, just pure fun!<br>
Remember to use your noggin, and have fun!<br><br>

Made for Strawberry Jam 18: Mind Games!<br><br>

Changelog v1.2:<br>
-Nerfed Herobrine<br>
-Added more clowns<br>
-Made the mind games involve 1% more brainpower<br>
-Removed fatal bug that allowed players to skip to the end via magic<br><br>

Changelog v1.1:<br>
-Nerfed spawners<br>
-Altered some terrain for easier traversing<br>
-Fixed spawn point issues<br>
-Command block output should now be hidden",/map_img/4.png,1.12,2382,,3,0,Linear,https://ctmrepository.com/map_dl/Unassumingv1.2.zip,1,0,a simple straightforward map that is exactly what it looks like on the surface no tricks no twists just pure fun remember to use your noggin and have fun,simple straightforward exactly looks like surface tricks twists pure fun remember use noggin fun,a simple straightforward map that is exactly what it looks like on the surface no tricks no twists just pure funbr remember to use your noggin and have funbrbr made for strawberry jam eighteen mind gamesbrbr changelog v12br nerfed herobrinebr added more clownsbr made the mind games involve one more brainpowerbr removed fatal bug that allowed players to skip to the end via magicbrbr changelog v11br nerfed spawnersbr altered some terrain for easier traversingbr fixed spawn point issuesbr command block output should now be hidden,simple straightforward exactly looks like surface tricks twists pure funbr remember use noggin funbrbr made strawberry jam eighteen mind gamesbrbr changelog v12br nerfed herobrinebr added clownsbr made mind games involve one brainpowerbr removed fatal bug allowed players skip end via magicbrbr changelog v11br nerfed spawnersbr altered terrain easier traversingbr fixed spawn point issuesbr command output hidden
6,20190118,Frostburn,Cold Fusion,Easy,Short,A great map for newcomers to the CTM genre. Follow in the footsteps of Professor Serene B. Orange as you navigate a mysterious realm of deceit and frost.,"Frostburn is a nice, gentle introduction to CTMs. Or for CTM veterans, a relaxing vacation. Except it isn't so relaxing, since you're stuck in a frozen world full of monsters trying to kill you.
<br><br>
<b><a href=""https://ctmrepository.com/index.php?action=viewMap&id=316"">Please check out the remastered version here</a></b>
<br><br>
<a href=""https://ctmrepository.com/map_dl/=Frostburn=+by+ColdFusionGaming.zip"">Download This (OLD) Version</a>
<br><br>
<b><a href=""https://ctmrepository.com/index.php?action=viewMap&id=316"">Please check out the remastered version here</a></b>",/map_img/5.jpg,1.8.8,2660,,3,0,Open World,https://ctmrepository.com/index.php?action=viewMap&id=316,1,0,a great map for newcomers to the ctm genre follow in the footsteps of professor serene b orange as you navigate a mysterious realm of deceit and frost,great newcomers ctm genre follow footsteps professor serene b orange navigate mysterious realm deceit frost,frostburn is a nice gentle introduction to ctms or for ctm veterans a relaxing vacation except it isnt so relaxing since youre stuck in a frozen world full of monsters trying to kill you brbr ba hrefhttpsctmrepositorycomindexphpactionviewmapid316please check out the remastered version hereab brbr a hrefhttpsctmrepositorycommapdlfrostburnbycoldfusiongamingzipdownload this old versiona brbr ba hrefhttpsctmrepositorycomindexphpactionviewmapid316please check out the remastered version hereab,frostburn nice gentle introduction ctm veterans relaxing vacation except isnt relaxing since youre stuck frozen full monsters trying kill brbr ba hrefhttpsctmrepositorycomindexphpactionviewmapid316please check remastered version hereab brbr hrefhttpsctmrepositorycommapdlfrostburnbycoldfusiongamingzipdownload old versiona brbr ba hrefhttpsctmrepositorycomindexphpactionviewmapid316please check remastered version hereab
7,20190118,Island Adventure,Tala and Athena,Easy,Short,"Shipwrecked on a lonely island, you must find and collect the mysterious remnants of an ancient civilization and restore them to their proper place in this island-hopping adventure.","Shipwrecked on a lonely island, you must find and collect the mysterious remnants of an ancient civilization and restore them to their proper place in this island-hopping adventure.<br><br>

PLEASE NOTE: The current version starts in Peaceful and you'll have to change the difficulty yourself",/map_img/6.png,1.12,2874,,6,0,Open World,https://www.mediafire.com/file/ktjb3bjmgyxlt96/Island_Adventure_v1.1.zip/file,1,0,shipwrecked on a lonely island you must find and collect the mysterious remnants of an ancient civilization and restore them to their proper place in this islandhopping adventure,shipwrecked lonely island must find collect mysterious remnants ancient civilization restore proper place islandhopping adventure,shipwrecked on a lonely island you must find and collect the mysterious remnants of an ancient civilization and restore them to their proper place in this islandhopping adventurebrbr please note the current version starts in peaceful and youll have to change the difficulty yourself,shipwrecked lonely island must find collect mysterious remnants ancient civilization restore proper place islandhopping adventurebrbr please note current version starts peaceful youll change difficulty
8,20190118,Dwarven Memories,"Vehudur, Teewie, Fornan_II",Medium,Medium,"A medium length mini CTM of medium-hard difficulty. See if you can defeat all of the map's deadly challenges, avoid all of its mischievous traps and find all the hidden emeralds.","This map was made primarily by Vehudur and Teewie, with substantial help from friends including Fornan_II, RenderXR and Omegaplayer.<br><br>

See if you can defeat all of the map's deadly challenges, avoid all of its mischievous traps and find all the hidden emeralds. Due to a glitch in Minecraft 1.13.2, some areas may lag with even a small number of particles. If this happens, the only solution is to turn down particle effects. Optifine is recommended to play this map, but not required.",/map_img/7.png,1.13.2,6246,,4,9,Branching,https://ctmrepository.com/map_dl/Dwarven Memories - CTM for 1.13.2 - v1.zip,1,0,a medium length mini ctm of mediumhard difficulty see if you can defeat all of the maps deadly challenges avoid all of its mischievous traps and find all the hidden emeralds,medium length mini ctm mediumhard difficulty see defeat deadly challenges avoid mischievous traps find hidden emeralds,"this map was made primarily by vehudur and teewie with substantial help from friends including fornanii renderxr and omegaplayerbrbr see if you can defeat all of the maps deadly challenges avoid all of its mischievous traps and find all the hidden emeralds due to a glitch in minecraft one thousand, one hundred and thirty-two some areas may lag with even a small number of particles if this happens the only solution is to turn down particle effects optifine is recommended to play this map but not required","made primarily vehudur teewie substantial help friends including fornanii renderxr omegaplayerbrbr see defeat deadly challenges avoid mischievous traps find hidden emeralds due glitch one thousand, one hundred thirty-two areas may lag even small number particles happens solution turn particle effects optifine recommended play required"
9,20190118,WinterStorm,Tecnocraft2802,Medium,Medium,"WINTER STORM es un mapa MiniCTM de la 1.12.2.<br>
EstÃ¡s atrapado en las altas montaÃ±as bajo una tormenta de nieve, tendrÃ¡s que sobrevir como puedas y intentar no morir por causa de la hipotermia..","WINTER STORM<br><br>

â† CREATED BY: Tecnocraft2802 â†<br><br>

WINTER STORM es un mapa MiniCTM de la 1.12.2.<br>
EstÃ¡s atrapado en las altas montaÃ±as bajo una tormenta de nieve, tendrÃ¡s que sobrevir como puedas y intentar no morir por causa de la hipotermia.<br><br><br>


       â‹ REGLAS â‹<br><br>

â† Jugar en la versiÃ³n 1.12.2<br><br>

â† No aprovecharse de bugs que te proporcionen ventajas.<br><br>

â† No modificar o usar comandos.<br><br>

â† Si mueres las lanas se perderÃ¡n, procura guardarlas siempre en un lugar seguro.<br><br>

â† Chunks recomendados 10 o mÃ¡s.<br><br>

â† PartÃ­culas: Todas<br><br>

â† No subir ni intentar salir de los limites del mapa.<br><br>

â† EstÃ¡s en plena montaÃ±a nevada y eso podrÃ­a afectar a tu salud, intenta acercarte a las hogueras para subir tu calor corporal y no morir de hipotermia.<br><br><br>


       â‹ OBJETIVO â‹<br><br>

â† Para completar el mapa, deberÃ¡s conseguir las tres lanas y colocarlas en el monumento.<br><br><br>


       â‹ TRAILER â‹<br><br>

https://youtu.be/3N1xL31fxuw",/map_img/8.png,1.12.2,2696,Seasons Time,3,0,Open World,https://ctmrepository.com/map_dl/WINTER STORM [1.12.2] - Tecnocraft2802.rar,1,0,winter storm es un mapa minictm de la 1122br estã¡s atrapado en las altas montaã±as bajo una tormenta de nieve tendrã¡s que sobrevir como puedas y intentar no morir por causa de la hipotermia,winter storm es un mapa minictm de la 1122br estã¡s atrapado en las altas montaã±as bajo una tormenta de nieve tendrã¡s que sobrevir como puedas intentar morir por causa de la hipotermia,winter stormbrbr â† created by tecnocraft2802 â†brbr winter storm es un mapa minictm de la 1122br estã¡s atrapado en las altas montaã±as bajo una tormenta de nieve tendrã¡s que sobrevir como puedas y intentar no morir por causa de la hipotermiabrbrbr â‹ reglas â‹brbr â† jugar en la versiã³n 1122brbr â† no aprovecharse de bugs que te proporcionen ventajasbrbr â† no modificar o usar comandosbrbr â† si mueres las lanas se perderã¡n procura guardarlas siempre en un lugar segurobrbr â† chunks recomendados ten o mã¡sbrbr â† partã­culas todasbrbr â† no subir ni intentar salir de los limites del mapabrbr â† estã¡s en plena montaã±a nevada y eso podrã­a afectar a tu salud intenta acercarte a las hogueras para subir tu calor corporal y no morir de hipotermiabrbrbr â‹ objetivo â‹brbr â† para completar el mapa deberã¡s conseguir las tres lanas y colocarlas en el monumentobrbrbr â‹ trailer â‹brbr httpsyoutube3n1xl31fxuw,winter stormbrbr â† created tecnocraft2802 â†brbr winter storm es un mapa minictm de la 1122br estã¡s atrapado en las altas montaã±as bajo una tormenta de nieve tendrã¡s que sobrevir como puedas intentar morir por causa de la hipotermiabrbrbr â‹ reglas â‹brbr â† jugar en la versiã³n 1122brbr â† aprovecharse de bugs que te proporcionen ventajasbrbr â† modificar usar comandosbrbr â† si mueres las lanas se perderã¡n procura guardarlas siempre en un lugar segurobrbr â† chunks recomendados ten mã¡sbrbr â† partã­culas todasbrbr â† subir ni intentar salir de los limites del mapabrbr â† estã¡s en plena montaã±a nevada eso podrã­a afectar tu salud intenta acercarte las hogueras para subir tu calor corporal morir de hipotermiabrbrbr â‹ objetivo â‹brbr â† para completar el mapa deberã¡s conseguir las tres lanas colocarlas en el monumentobrbrbr â‹ trailer â‹brbr httpsyoutube3n1xl31fxuw
10,20190118,HOURGLASS,SrMaMr & Tecnocraft2802,Medium,Short,Hourglass es un Mapa MiniCTM Hardcore para la versiÃ³n 1.11.2,"HOURGLASS<br>
âœ¸ Mapa creado por: SrMaMr & Tecnocraft2802 âœ¸<br>
Hourglass es un Mapa MiniCTM Hardcore para la version 1.11.2<br><br><br>


â—ˆNORMASâ—ˆ<br><br>

âœ”Jugar En La VersiÃ³n 1.11.2.<br><br>

âœ”No Aprovecharse De Bugs Que Proporcionen Ventajas.<br><br>

âœ”Estas En Modo Hardcore Si Mueres El Mapa Se BorrarÃ¡ Puedes Crear Copias Si Lo Deseas.<br><br>

âœ”DiviÃ©rtete.<br><br><br>


â—ˆOBJETIVOâ—ˆ<br><br>

âœ”Para Completar El Mapa Debes Conseguir Las Doce Lanas y Colocarlas En El Monumento.<br><br><br>


â—ˆTRAILERâ—ˆ<br><br>

https://youtu.be/wynYKJygycI",/map_img/9.png,1.11.2,3086,,12,0,Branching,https://ctmrepository.com/map_dl/HOURGLASS [1.11.2].rar,1,0,"hourglass es un mapa minictm hardcore para la versiã³n one thousand, one hundred and twelve","hourglass es un mapa minictm hardcore para la versiã³n one thousand, one hundred twelve",hourglassbr âœ¸ mapa creado por srmamr tecnocraft2802 âœ¸br hourglass es un mapa minictm hardcore para la version 1112brbrbr â—ˆnormasâ—ˆbrbr âœ”jugar en la versiã³n 1112brbr âœ”no aprovecharse de bugs que proporcionen ventajasbrbr âœ”estas en modo hardcore si mueres el mapa se borrarã¡ puedes crear copias si lo deseasbrbr âœ”diviã©rtetebrbrbr â—ˆobjetivoâ—ˆbrbr âœ”para completar el mapa debes conseguir las doce lanas y colocarlas en el monumentobrbrbr â—ˆtrailerâ—ˆbrbr httpsyoutubewynykjygyci,hourglassbr âœ¸ mapa creado por srmamr tecnocraft2802 âœ¸br hourglass es un mapa minictm hardcore para la version 1112brbrbr â—ˆnormasâ—ˆbrbr âœ”jugar en la versiã³n 1112brbr âœ”no aprovecharse de bugs que proporcionen ventajasbrbr âœ”estas en modo hardcore si mueres el mapa se borrarã¡ puedes crear copias si lo deseasbrbr âœ”diviã©rtetebrbrbr â—ˆobjetivoâ—ˆbrbr âœ”para completar el mapa debes conseguir las doce lanas colocarlas en el monumentobrbrbr â—ˆtrailerâ—ˆbrbr httpsyoutubewynykjygyci
11,20190118,LAST NIGHT,Tecnocraft2802,Hard,Short,"LAST NIGHT es un mapa MiniCTM Hardcore de la 1.12. 
Tu verdadero enemigo es el Tiempo.","âœ¡ CREATED BY: Tecnocraft2802 âœ¡<br><br>

LAST NIGHT es un mapa MiniCTM Hardcore de la 1.12.<br>
Tu verdadero enemigo es el Tiempo.<br><br><br>


       âœ¡ REGLAS âœ¡<br><br>

â˜… Jugar en la versiÃ³n 1.12.<br><br>

â˜… No aprovecharse de bugs que te proporcionen ventajas.<br><br>

â˜… No modificar o usar comandos.<br><br>

â˜… El mapa estÃ¡ en UltraHardcore, asÃ­ que no podrÃ¡s regenerar vida naturalmente.<br><br>

â˜… Una vez salga el sol morirÃ¡s automÃ¡ticamente.<br><br>

â˜… Estas en modo Hardcore, si mueres el mapa se borrarÃ¡. Puedes crear copias si lo deseas.<br><br><br>


       âœ¡ OBJETIVO âœ¡<br><br>

â˜… Para completar el mapa deberÃ¡s de obtener las dos lanas (ROJA, NEGRA) y colocarlas 
    en el monumento antes de que salga el sol.<br><br><br>


       âœ¡ TRAILER âœ¡<br><br>

https://youtu.be/bWfj4n-hLzk",/map_img/10.png,1.12,2083,,2,0,Linear,https://ctmrepository.com/map_dl/LAST NIGHT [1.12] v1.1.rar,1,0,last night es un mapa minictm hardcore de la one hundred and twelve tu verdadero enemigo es el tiempo,last night es un mapa minictm hardcore de la one hundred twelve tu verdadero enemigo es el tiempo,âœ¡ created by tecnocraft2802 âœ¡brbr last night es un mapa minictm hardcore de la 112br tu verdadero enemigo es el tiempobrbrbr âœ¡ reglas âœ¡brbr â˜… jugar en la versiã³n 112brbr â˜… no aprovecharse de bugs que te proporcionen ventajasbrbr â˜… no modificar o usar comandosbrbr â˜… el mapa estã¡ en ultrahardcore asã­ que no podrã¡s regenerar vida naturalmentebrbr â˜… una vez salga el sol morirã¡s automã¡ticamentebrbr â˜… estas en modo hardcore si mueres el mapa se borrarã¡ puedes crear copias si lo deseasbrbrbr âœ¡ objetivo âœ¡brbr â˜… para completar el mapa deberã¡s de obtener las dos lanas roja negra y colocarlas en el monumento antes de que salga el solbrbrbr âœ¡ trailer âœ¡brbr httpsyoutubebwfj4nhlzk,âœ¡ created tecnocraft2802 âœ¡brbr last night es un mapa minictm hardcore de la 112br tu verdadero enemigo es el tiempobrbrbr âœ¡ reglas âœ¡brbr â˜… jugar en la versiã³n 112brbr â˜… aprovecharse de bugs que te proporcionen ventajasbrbr â˜… modificar usar comandosbrbr â˜… el mapa estã¡ en ultrahardcore asã­ que podrã¡s regenerar vida naturalmentebrbr â˜… una vez salga el sol morirã¡s automã¡ticamentebrbr â˜… estas en modo hardcore si mueres el mapa se borrarã¡ puedes crear copias si lo deseasbrbrbr âœ¡ objetivo âœ¡brbr â˜… para completar el mapa deberã¡s de obtener las dos lanas roja negra colocarlas en el monumento antes de que salga el solbrbrbr âœ¡ trailer âœ¡brbr httpsyoutubebwfj4nhlzk
13,20190118,Minimalist,Kaladun,Easy,Short,"A tiny map with a massive adventure! The classic 16-wool CTM where every wool dungeon is a 24 block cube. Downloaded 20,000 times, and so iconic it inspired the CTM community Austerity maps!","A tiny map with a massive adventure! The classic 16-wool CTM where every wool dungeon is a 24 block cube. Downloaded 20,000 times, and so iconic it inspired the CTM community Austerity maps!<br><br>

Fill the Majestic Monument with wool while you battle your way through the tiny dungeons! From the laybrinth of Perilous Pyramids to the horrible screams of the Ghastly Glacier, each wool dungeon has unique enemies to fight and items to find. Search for Averages 4-8 hours of gameplay.",/map_img/12.png,1.8,5687,,16,1,Branching,"https://ctmrepository.com/map_dl/=minimalist= v1.0, by Kaladun.zip",1,0,a tiny map with a massive adventure the classic 16wool ctm where every wool dungeon is a twenty-four block cube downloaded twenty thousand times and so iconic it inspired the ctm community austerity maps,tiny massive adventure classic 16wool ctm every wool dungeon twenty-four cube downloaded twenty thousand times iconic inspired ctm community austerity,a tiny map with a massive adventure the classic 16wool ctm where every wool dungeon is a twenty-four block cube downloaded twenty thousand times and so iconic it inspired the ctm community austerity mapsbrbr fill the majestic monument with wool while you battle your way through the tiny dungeons from the laybrinth of perilous pyramids to the horrible screams of the ghastly glacier each wool dungeon has unique enemies to fight and items to find search for averages forty-eight hours of gameplay,tiny massive adventure classic 16wool ctm every wool dungeon twenty-four cube downloaded twenty thousand times iconic inspired ctm community austerity mapsbrbr fill majestic monument wool battle way tiny dungeons laybrinth perilous pyramids horrible screams ghastly glacier wool dungeon unique enemies fight find search averages forty-eight hours gameplay
14,20190118,Fantasy Challenge,MineBye,Hard,Short,"A MiniCTM Hardcore, a real challenge. Be prepared to face your doom.","This is my 1st Minecraft CTM Map, you are free to make videos and that stuff.",/map_img/13.jpg,1.12.2,1532,,2,0,Linear,https://ctmrepository.com/map_dl/Fantasy Challenge.rar,1,0,a minictm hardcore a real challenge be prepared to face your doom,minictm hardcore real challenge prepared face doom,this is my 1st minecraft ctm map you are free to make videos and that stuff,1st ctm free make videos stuff
18,20190114,Gloom and Shroom,14er,Medium,Short,Delve into the mushroom filled caverns of what was once the only CTM map available for 1.13 (though now it has friends :D ),"Take a lap around the lava-filled pools on these fungal caverns as you seek to track down the wool.<br>
Made entirely in 1.13 and being the first map released in 1.13, it is a little rough around the edges, but still a nice little piece of CTM history.",/map_img/GloomShroom.png,1.13.2,1532,,3,0,Linear,https://ctmrepository.com/map_dl/Gloom and Shroom by 14er.zip,1,0,delve into the mushroom filled caverns of what was once the only ctm map available for one hundred and thirteen though now it has friends d,delve mushroom filled caverns ctm available one hundred thirteen though friends,take a lap around the lavafilled pools on these fungal caverns as you seek to track down the woolbr made entirely in one hundred and thirteen and being the first map released in one hundred and thirteen it is a little rough around the edges but still a nice little piece of ctm history,take lap around lavafilled pools fungal caverns seek track woolbr made entirely one hundred thirteen first released one hundred thirteen little rough around edges still nice little piece ctm history
19,20190122,Rift Up,Stetofire,Medium,Medium,An obsidian spire has pierced up through a small island. Follow a trail of journals and discover its source!,"<style>
	.centerTextRiftUp {
		text-align: center;
	}
	.monoRiftUp {
		font-family: monospace;
	}
	.mapTitleRiftUp {
		font-family: fantasy;
		color: red;
	}
</style>
<h2 class=""centerTextRiftUp mapTitleRiftUp"">- Rift Up -</h2><br>
<h4 class=""centerTextRiftUp monoRiftUp"">
	Estimated Playtime: 4-6 hours
</h4>
<div class=""centerTextRiftUp"">
	An obsidian spire has pierced up through a small island. Follow a trail of journals and discover its source!
</div>
<h3 class=""monoRiftUp"">
	Rules:
</h3>
<ul>
	<li>
		Standard CTM rules apply.
	</li>
	<li>
		This is a survival adventure. You can break as many blocks as you want, sometimes even revealing secrets.
	</li>
	<li>
		Most of the materials you need can be found in chests, so use those primarily, but any other things collected are free game for crafting.
	</li>
	<li>
		Keep clouds off.
	</li>
	<li>
		Voice is trustworthy; anything it tells you will be the truth.
	</li>
	<li>
		And as always, the last rule is to have fun! :D
	</li>
</ul>",/map_img/14.png,1.12,2128,,5,0,Adventure,https://ctmrepository.com/map_dl/Rift Up.zip,1,0,an obsidian spire has pierced up through a small island follow a trail of journals and discover its source,obsidian spire pierced small island follow trail journals discover source,style centertextriftup textalign center monoriftup fontfamily monospace maptitleriftup fontfamily fantasy color red style h2 classcentertextriftup maptitleriftup rift up h2br h4 classcentertextriftup monoriftup estimated playtime forty-six hours h4 div classcentertextriftup an obsidian spire has pierced up through a small island follow a trail of journals and discover its source div h3 classmonoriftup rules h3 ul li standard ctm rules apply li li this is a survival adventure you can break as many blocks as you want sometimes even revealing secrets li li most of the materials you need can be found in chests so use those primarily but any other things collected are free game for crafting li li keep clouds off li li voice is trustworthy anything it tells you will be the truth li li and as always the last rule is to have fun d li ul,style centertextriftup textalign center monoriftup fontfamily monospace maptitleriftup fontfamily fantasy color red style h2 classcentertextriftup maptitleriftup rift h2br h4 classcentertextriftup monoriftup estimated playtime forty-six hours h4 div classcentertextriftup obsidian spire pierced small island follow trail journals discover source div h3 classmonoriftup rules h3 ul li standard ctm rules apply li li survival adventure break many want sometimes even revealing secrets li li materials need found chests use primarily things collected free game crafting li li keep clouds li li voice trustworthy anything tells truth li li always last rule fun li ul
20,20190304,Archangel's Fall,"Athena, Fornan_II, PearUhDox, Vehudur",Medium,Long,"Marooned upon the crags, a lighthouse beckons. Discover the remains of a once great city, and the horrors that befell it.","Marooned in a mysterious trio of islands, discover an ancient city hidden within the islands, as well as face the horrors that led to its ruin. Follow the ruin to find the 12 discs, and place them upon the monument in the hope that they shall bring you salvation... Archangel's Fall is a 12 disc CTM map for 1.13.2. In it, you'll explore a Gothic horror themed ruined city, as well as all sorts of monsters (from zombies, vampires, werewolves, oh my!). The map is open world, meaning dungeons can be explored and tackled in any order that you please. As you play, you will also uncover relics from the past that tell the story of Archangel's Fall, in addition to, of course, the discs for the monument.

Cathedrals, graveyards, observatories, castles, and even hell itself awaits you. Are you up to the challenge?",/map_img/15.png,1.13.2,11600,,12,0,Open World,https://www.mediafire.com/file/xwlt724vg6rirph/Archangel%2527s_Fall_v1.2.zip/file,1,0,marooned upon the crags a lighthouse beckons discover the remains of a once great city and the horrors that befell it,marooned upon crags lighthouse beckons discover remains great city horrors befell,"marooned in a mysterious trio of islands discover an ancient city hidden within the islands as well as face the horrors that led to its ruin follow the ruin to find the twelve discs and place them upon the monument in the hope that they shall bring you salvation archangels fall is a twelve disc ctm map for one thousand, one hundred and thirty-two in it youll explore a gothic horror themed ruined city as well as all sorts of monsters from zombies vampires werewolves oh my the map is open world meaning dungeons can be explored and tackled in any order that you please as you play you will also uncover relics from the past that tell the story of archangels fall in addition to of course the discs for the monument cathedrals graveyards observatories castles and even hell itself awaits you are you up to the challenge","marooned mysterious trio islands discover ancient city hidden within islands well face horrors led ruin follow ruin find twelve discs place upon monument hope shall bring salvation archangels fall twelve disc ctm one thousand, one hundred thirty-two youll gothic horror themed ruined city well sorts monsters zombies vampires werewolves oh open meaning dungeons explored tackled order please play also uncover relics past tell story archangels fall addition course discs monument cathedrals graveyards observatories castles even hell awaits challenge"
21,20190319,The Corrupted Path,Heliceo,Hard,Long,"Are you looking for a huge, challenging, heavily combat-oriented CTM map? Venture the infamous first installment of the Ragecraft series and fight your way to complete the monument in this insane adventure","Face one of the hardest CTM maps ever created. Discover gigantic and astonishing areas, fight the toughest custom mobs and craziest mechanics you can imagine while your abilities are pushed to the limits, and maybe your sanity...

This map is considsered ROM-hack difficulty, meaning even veterans are going to have a rough time. Step up your game or die while trying.

Are you ready to rage?",/map_img/16.jpg,1.5.2,3264,Ragecraft,18,0,Open World,https://ctmrepository.com/map_dl/Ragecraft %231 - The Corrupted Path.zip,1,0,are you looking for a huge challenging heavily combatoriented ctm map venture the infamous first installment of the ragecraft series and fight your way to complete the monument in this insane adventure,looking huge challenging heavily combatoriented ctm venture infamous first installment ragecraft series fight way complete monument insane adventure,face one of the hardest ctm maps ever created discover gigantic and astonishing areas fight the toughest custom mobs and craziest mechanics you can imagine while your abilities are pushed to the limits and maybe your sanity this map is considsered romhack difficulty meaning even veterans are going to have a rough time step up your game or die while trying are you ready to rage,face one hardest ctm ever created discover gigantic astonishing areas fight toughest custom mobs craziest mechanics imagine abilities pushed limits maybe sanity considsered romhack difficulty meaning even veterans going rough time step game die trying ready rage
22,20190319,From Flames Reborn,Gustavo Team,Medium,Medium,"""From Flames: Reborn"" is an open world CTM map, set in the post-apocalyptic world, based on the original ""From Flames"".","You survived nuclear holocaust, hiding inside your personal atomic shelter, but now you are forced to go out, into the ashes and flames of the destroyed Flemchester city.
<br><br>
The only hope for you is to find 16 cores, disguised as wool, to find a mysterious device, capable of saving your world from the lava flood and an eternal night.
<br><br>
This new edition features new locations, new enemies, new features, and rebalanced loot and spawners.
<br><br>
<a href=""http://www.mediafire.com/file/ww8vikea9z40z26/From_Flames_CTM_v02.zip/file"">Original Version for MC 1.5!</a>",/map_img/17.png,1.12.2,1915,,16,0,Open World,https://ctmrepository.com/map_dl/From Flames Reborn 1.12 v03.zip,1,0,from flames reborn is an open world ctm map set in the postapocalyptic world based on the original from flames,flames reborn open ctm set postapocalyptic based original flames,you survived nuclear holocaust hiding inside your personal atomic shelter but now you are forced to go out into the ashes and flames of the destroyed flemchester city brbr the only hope for you is to find sixteen cores disguised as wool to find a mysterious device capable of saving your world from the lava flood and an eternal night brbr this new edition features new locations new enemies new features and rebalanced loot and spawners brbr a hrefhttpwwwmediafirecomfileww8vikea9z40z26fromflamesctmv02zipfileoriginal version for mc 15a,survived nuclear holocaust hiding inside personal atomic shelter forced go ashes flames destroyed flemchester city brbr hope find sixteen cores disguised wool find mysterious device capable saving lava flood eternal night brbr edition features locations enemies features rebalanced loot spawners brbr hrefhttpwwwmediafirecomfileww8vikea9z40z26fromflamesctmv02zipfileoriginal version mc 15a
23,20190319,Insomnia,Heliceo,Hard,Long,"Are you looking for a huge, challenging, heavily combat-oriented map? Welcome to the map that changed completely the CTM genre taking mechanics and custom mobs to the next level","Are you looking for the ultimate CTM challenge? 

The second instalment on the Ragecraft series is an extensive and difficult map with gorgeous and enormous areas, original custom mob design and epic loot.

The player will be forced to develop various strategies and different playstyles to deal with the unique command block mechanics the map has to offer throughout the many dungeons. All of this will push your skills to its limits, and possibly your sanity...

Are you ready to rage?",/map_img/18.jpg,1.7.2,6278,Ragecraft,16,16,Branching,https://ctmrepository.com/map_dl/-= Insomnia [Ragecraft II] =-.zip,1,0,are you looking for a huge challenging heavily combatoriented map welcome to the map that changed completely the ctm genre taking mechanics and custom mobs to the next level,looking huge challenging heavily combatoriented welcome changed completely ctm genre taking mechanics custom mobs next level,are you looking for the ultimate ctm challenge the second instalment on the ragecraft series is an extensive and difficult map with gorgeous and enormous areas original custom mob design and epic loot the player will be forced to develop various strategies and different playstyles to deal with the unique command block mechanics the map has to offer throughout the many dungeons all of this will push your skills to its limits and possibly your sanity are you ready to rage,looking ultimate ctm challenge second instalment ragecraft series extensive difficult gorgeous enormous areas original custom mob design epic loot player forced develop various strategies different playstyles deal unique command mechanics offer throughout many dungeons push skills limits possibly sanity ready rage
24,20190319,The Prophecy,Heliceo,Hard,Long,"Are you looking for a huge, challenging, heavily combat-oriented map? This map is a unique adventure that offers a challenge even for veterans, pushing the player's skills to the limits.","This map builds on the many themes and mechanics introduced in the previous two, while offering a whole new experience taking full advantage of the 1.8 commands.<br>
It features 16 action packed areas, dozens of items with unique custom abilities, five breathtaking boss battles, and much more.
<br><br>
Will you fulfill the prophecy?
<br>
Note: 1.8.9 also works just fine.",/map_img/19.jpg,1.8.8,51112,Ragecraft,16,12,Branching,https://ctmrepository.com/map_dl/-= Ragecraft III - The Prophecy =-.zip,1,0,are you looking for a huge challenging heavily combatoriented map this map is a unique adventure that offers a challenge even for veterans pushing the players skills to the limits,looking huge challenging heavily combatoriented unique adventure offers challenge even veterans pushing players skills limits,this map builds on the many themes and mechanics introduced in the previous two while offering a whole new experience taking full advantage of the eighteen commandsbr it features sixteen action packed areas dozens of items with unique custom abilities five breathtaking boss battles and much more brbr will you fulfill the prophecy br note one hundred and eighty-nine also works just fine,builds many themes mechanics introduced previous two offering whole experience taking full advantage eighteen commandsbr features sixteen action packed areas dozens unique custom abilities five breathtaking boss battles much brbr fulfill prophecy br note one hundred eighty-nine also works fine
25,20190410,Kitten's Revolt,The Cool Cats Cuteyard,Medium,Medium,"Originally designed to be built quickly as a collaborative mapping challenge, explore a variety of randomly themed areas in a fresh take on classic CTM!","Designed by 8 different mapmakers, Kitten's Revolt is the result of a mapping challenge taken on by many, where the goal was to quickly make a medium sized map in just a week. While the time constraints were not met, the project was successfully completed. Each area was built by a different mapmaker, with a random adjective and noun determining the theme. Collect wool in the color of the rainbow as you delve into each of these unique and interesting dungeons!

This map contains areas from the following mapmakers: Athena, Blam, Deneb, Fornan_II, Omegaplayer, PearUhDox, Tala, and Teewie.",/map_img/20.jpg,1.12.2,8591,Kitten's Revolt Series,10,8,Branching,https://www.mediafire.com/file/0cfmr63qqei07p4/Kitten%2527s_Revolt.zip/file,1,0,originally designed to be built quickly as a collaborative mapping challenge explore a variety of randomly themed areas in a fresh take on classic ctm,originally designed built quickly collaborative mapping challenge variety randomly themed areas fresh take classic ctm,designed by eight different mapmakers kittens revolt is the result of a mapping challenge taken on by many where the goal was to quickly make a medium sized map in just a week while the time constraints were not met the project was successfully completed each area was built by a different mapmaker with a random adjective and noun determining the theme collect wool in the color of the rainbow as you delve into each of these unique and interesting dungeons this map contains areas from the following mapmakers athena blam deneb fornanii omegaplayer pearuhdox tala and teewie,designed eight different mapmakers kittens revolt result mapping challenge taken many goal quickly make medium sized week time constraints met project successfully completed area built different mapmaker random adjective noun determining theme collect wool color rainbow delve unique interesting dungeons contains areas following mapmakers athena blam deneb fornanii omegaplayer pearuhdox tala teewie
